<?xml version="1.0" encoding="UTF-8"?>
<apps>
	<app>     
		<name>AlarmMon</name>
		<description>Alarm Mon Alarm Mon Alarm Mon</description>
		<package>com.malangstudio.alarmmon</package>
		<icon>apps_alarm.jpg</icon>
	</app>
	<app>     
		<name>Popcorn Maker-Cooking</name>
		<description>Popcorn Maker-Cooking Maker-Cooking Maker-Cooking</description>
		<package>com.g6677.android.popcorn</package>
		<icon>apps_popcorn.jpg</icon>
	</app>
	<app>     
		<name>Traffic Racer</name>
		<description>Traffic Racer Traffic Racer Traffic Racer</description>
		<package>com.skgames.trafficracer</package>
		<icon>apps_racer.jpg</icon>
	</app>
	<app>     
		<name>AlarmMon</name>
		<description>Alarm Mon Traffic Racer Traffic Racer</description>
		<package>com.malangstudio.alarmmon</package>
		<icon>apps_alarm.jpg</icon>
	</app>
	<app>     
		<name>Popcorn Maker-Cooking</name>
		<description>Popcorn Maker-Cooking rn Maker-Cooking rn Maker-Cooking</description>
		<package>com.g6677.android.popcorn</package>
		<icon>apps_popcorn.jpg</icon>
	</app>
	<app>     
		<name>Traffic Racer</name>
		<description>Traffic Racer c Racer c Racer c Racer</description>
		<package>com.skgames.trafficracer</package>
		<icon>apps_racer.jpg</icon>
	</app>
	<app>     
		<name>AlarmMon</name>
		<description>Alarm Mon</description>
		<package>com.malangstudio.alarmmon</package>
		<icon>apps_alarm.jpg</icon>
	</app>
	<app>     
		<name>Popcorn Maker-Cooking</name>
		<description>Popcorn Maker-Cooking Popcorn Maker-C Popcorn Maker-C</description>
		<package>com.g6677.android.popcorn</package>
		<icon>apps_popcorn.jpg</icon>
	</app>
	<app>     
		<name>Traffic Racer</name>
		<description>Traffic Racer</description>
		<package>com.skgames.trafficracer</package>
		<icon>apps_racer.jpg</icon>
	</app>
	<app>     
		<name>AlarmMon</name>
		<description>Alarm Mon</description>
		<package>com.malangstudio.alarmmon</package>
		<icon>apps_alarm.jpg</icon>
	</app>
	<app>     
		<name>Popcorn Maker-Cooking</name>
		<description>Popcorn Maker-Cooking</description>
		<package>com.g6677.android.popcorn</package>
		<icon>apps_popcorn.jpg</icon>
	</app>
	<app>     
		<name>Traffic Racer</name>
		<description>Traffic Racer</description>
		<package>com.skgames.trafficracer</package>
		<icon>apps_racer.jpg</icon>
	</app>
</apps>